{"cameraMode":{"drawMode":0,"name":"Shaded","section":"Shading Mode"},"sceneLighting":false,"audioPlay":false,"sceneViewState":{"m_AlwaysRefresh":false,"showFog":true,"showSkybox":false,"showFlares":true,"showImageEffects":true,"showParticleSystems":true,"showVisualEffectGraphs":true,"m_FxEnabled":true},"in2DMode":false,"pivot":{"x":5.960464477539063e-8,"y":0.1620999127626419,"z":2.2351741790771486e-8},"rotation":{"x":-0.08135776221752167,"y":0.8929005861282349,"z":-0.17942920327186585,"w":-0.40486419200897219},"size":0.18376070261001588,"orthographic":false}